apt	2.8.3	amd64
base-files	13ubuntu10.4	amd64
base-passwd	3.6.3build1	amd64
bash	5.2.21-2ubuntu4	amd64
binutils	2.42-4ubuntu2.10	amd64
binutils-common:amd64	2.42-4ubuntu2.10	amd64
binutils-x86-64-linux-gnu	2.42-4ubuntu2.10	amd64
bison	2:3.8.2+dfsg-1build2	amd64
bsdutils	1:2.39.3-9ubuntu6.4	amd64
build-essential	12.10ubuntu1	amd64
bzip2	1.0.8-5.1ubuntu0.1	amd64
coreutils	9.4-3ubuntu6.1	amd64
cpp	4:13.2.0-7ubuntu1	amd64
cpp-13	13.3.0-6ubuntu2~24.04.1	amd64
cpp-13-x86-64-linux-gnu	13.3.0-6ubuntu2~24.04.1	amd64
cpp-x86-64-linux-gnu	4:13.2.0-7ubuntu1	amd64
dash	0.5.12-6ubuntu5	amd64
debconf	1.5.86ubuntu1	all
debianutils	5.17build1	amd64
diffutils	1:3.10-1build1	amd64
dpkg	1.22.6ubuntu6.6	amd64
dpkg-dev	1.22.6ubuntu6.6	all
e2fsprogs	1.47.0-2.4~exp1ubuntu4.1	amd64
findutils	4.9.0-5build1	amd64
g++	4:13.2.0-7ubuntu1	amd64
g++-13	13.3.0-6ubuntu2~24.04.1	amd64
g++-13-x86-64-linux-gnu	13.3.0-6ubuntu2~24.04.1	amd64
g++-x86-64-linux-gnu	4:13.2.0-7ubuntu1	amd64
gcc	4:13.2.0-7ubuntu1	amd64
gcc-13	13.3.0-6ubuntu2~24.04.1	amd64
gcc-13-base:amd64	13.3.0-6ubuntu2~24.04.1	amd64
gcc-13-x86-64-linux-gnu	13.3.0-6ubuntu2~24.04.1	amd64
gcc-14-base:amd64	14.2.0-4ubuntu2~24.04.1	amd64
gcc-x86-64-linux-gnu	4:13.2.0-7ubuntu1	amd64
gpgv	2.4.4-2ubuntu17.4	amd64
grep	3.11-4build1	amd64
gzip	1.12-1ubuntu3.1	amd64
hostname	3.23+nmu2ubuntu2	amd64
init-system-helpers	1.66ubuntu1	all
libacl1:amd64	2.3.2-1build1.1	amd64
libapt-pkg6.0t64:amd64	2.8.3	amd64
libasan8:amd64	14.2.0-4ubuntu2~24.04.1	amd64
libassuan0:amd64	2.5.6-1build1	amd64
libatomic1:amd64	14.2.0-4ubuntu2~24.04.1	amd64
libattr1:amd64	1:2.5.2-1build1.1	amd64
libaudit-common	1:3.1.2-2.1build1.1	all
libaudit-dev:amd64	1:3.1.2-2.1build1.1	amd64
libaudit1:amd64	1:3.1.2-2.1build1.1	amd64
libbinutils:amd64	2.42-4ubuntu2.10	amd64
libblkid1:amd64	2.39.3-9ubuntu6.4	amd64
libbrotli-dev:amd64	1.1.0-2build2	amd64
libbrotli1:amd64	1.1.0-2build2	amd64
libbsd0:amd64	0.12.1-1build1.1	amd64
libbz2-1.0:amd64	1.0.8-5.1ubuntu0.1	amd64
libbz2-dev:amd64	1.0.8-5.1ubuntu0.1	amd64
libc-bin	2.39-0ubuntu8.8	amd64
libc-dev-bin	2.39-0ubuntu8.8	amd64
libc6:amd64	2.39-0ubuntu8.8	amd64
libc6-dev:amd64	2.39-0ubuntu8.8	amd64
libcap-ng-dev:amd64	0.8.4-2build2	amd64
libcap-ng0:amd64	0.8.4-2build2	amd64
libcap2:amd64	1:2.66-5ubuntu2.2	amd64
libcc1-0:amd64	14.2.0-4ubuntu2~24.04.1	amd64
libcom-err2:amd64	1.47.0-2.4~exp1ubuntu4.1	amd64
libcrypt-dev:amd64	1:4.4.36-4build1	amd64
libcrypt1:amd64	1:4.4.36-4build1	amd64
libctf-nobfd0:amd64	2.42-4ubuntu2.10	amd64
libctf0:amd64	2.42-4ubuntu2.10	amd64
libdb5.3t64:amd64	5.3.28+dfsg2-7	amd64
libdebconfclient0:amd64	0.271ubuntu3	amd64
libdpkg-perl	1.22.6ubuntu6.6	all
libdrm-amdgpu1:amd64	2.4.125-1ubuntu0.1~24.04.2	amd64
libdrm-common	2.4.125-1ubuntu0.1~24.04.2	all
libdrm-dev:amd64	2.4.125-1ubuntu0.1~24.04.2	amd64
libdrm-intel1:amd64	2.4.125-1ubuntu0.1~24.04.2	amd64
libdrm-nouveau2:amd64	2.4.125-1ubuntu0.1~24.04.2	amd64
libdrm-radeon1:amd64	2.4.125-1ubuntu0.1~24.04.2	amd64
libdrm2:amd64	2.4.125-1ubuntu0.1~24.04.2	amd64
libedit2:amd64	3.1-20230828-1build1	amd64
libegl-dev:amd64	1.7.0-1build1	amd64
libegl-mesa0:amd64	25.2.8-0ubuntu0.24.04.2	amd64
libegl1:amd64	1.7.0-1build1	amd64
libelf1t64:amd64	0.190-1.1ubuntu0.1	amd64
libepoxy-dev:amd64	1.5.10-1build1	amd64
libepoxy0:amd64	1.5.10-1build1	amd64
libexpat1:amd64	2.6.1-2ubuntu0.4	amd64
libext2fs2t64:amd64	1.47.0-2.4~exp1ubuntu4.1	amd64
libffi-dev:amd64	3.4.6-1build1	amd64
libffi8:amd64	3.4.6-1build1	amd64
libfontenc-dev:amd64	1:1.1.8-1build1	amd64
libfontenc1:amd64	1:1.1.8-1build1	amd64
libfreetype-dev:amd64	2.13.2+dfsg-1ubuntu0.1	amd64
libfreetype6:amd64	2.13.2+dfsg-1ubuntu0.1	amd64
libgbm-dev:amd64	25.2.8-0ubuntu0.24.04.2	amd64
libgbm1:amd64	25.2.8-0ubuntu0.24.04.2	amd64
libgcc-13-dev:amd64	13.3.0-6ubuntu2~24.04.1	amd64
libgcc-s1:amd64	14.2.0-4ubuntu2~24.04.1	amd64
libgcrypt20:amd64	1.10.3-2build1	amd64
libgdbm-compat4t64:amd64	1.23-5.1build1	amd64
libgdbm6t64:amd64	1.23-5.1build1	amd64
libgl-dev:amd64	1.7.0-1build1	amd64
libgl1:amd64	1.7.0-1build1	amd64
libgl1-mesa-dri:amd64	25.2.8-0ubuntu0.24.04.2	amd64
libglvnd0:amd64	1.7.0-1build1	amd64
libglx-dev:amd64	1.7.0-1build1	amd64
libglx-mesa0:amd64	25.2.8-0ubuntu0.24.04.2	amd64
libglx0:amd64	1.7.0-1build1	amd64
libgmp10:amd64	2:6.3.0+dfsg-2ubuntu6.1	amd64
libgnutls30t64:amd64	3.8.3-1.1ubuntu3.4	amd64
libgomp1:amd64	14.2.0-4ubuntu2~24.04.1	amd64
libgpg-error0:amd64	1.47-3build2.1	amd64
libgprofng0:amd64	2.42-4ubuntu2.10	amd64
libhogweed6t64:amd64	3.9.1-2.2build1.1	amd64
libhwasan0:amd64	14.2.0-4ubuntu2~24.04.1	amd64
libicu74:amd64	74.2-1ubuntu3.1	amd64
libidn2-0:amd64	2.3.7-2build1.1	amd64
libisl23:amd64	0.26-3build1.1	amd64
libitm1:amd64	14.2.0-4ubuntu2~24.04.1	amd64
libjansson4:amd64	2.14-2build2	amd64
libllvm20:amd64	1:20.1.2-0ubuntu1~24.04.3	amd64
liblsan0:amd64	14.2.0-4ubuntu2~24.04.1	amd64
liblz4-1:amd64	1.9.4-1build1.1	amd64
liblzma5:amd64	5.6.1+really5.4.5-1ubuntu0.3	amd64
libmd-dev:amd64	1.1.0-2build1.1	amd64
libmd0:amd64	1.1.0-2build1.1	amd64
libmount1:amd64	2.39.3-9ubuntu6.4	amd64
libmpc3:amd64	1.3.1-1build1.1	amd64
libmpfr6:amd64	4.2.1-1build1.1	amd64
libncursesw6:amd64	6.4+20240113-1ubuntu2	amd64
libnettle8t64:amd64	3.9.1-2.2build1.1	amd64
libnpth0t64:amd64	1.6-3.1build1	amd64
libp11-kit0:amd64	0.25.3-4ubuntu2.1	amd64
libpam-modules:amd64	1.5.3-5ubuntu5.5	amd64
libpam-modules-bin	1.5.3-5ubuntu5.5	amd64
libpam-runtime	1.5.3-5ubuntu5.5	all
libpam0g:amd64	1.5.3-5ubuntu5.5	amd64
libpciaccess-dev:amd64	0.17-3ubuntu0.24.04.2	amd64
libpciaccess0:amd64	0.17-3ubuntu0.24.04.2	amd64
libpcre2-8-0:amd64	10.42-4ubuntu2.1	amd64
libperl5.38t64:amd64	5.38.2-3.2ubuntu0.4	amd64
libpixman-1-0:amd64	0.42.2-1build1	amd64
libpixman-1-dev:amd64	0.42.2-1build1	amd64
libpkgconf3:amd64	1.8.1-2build1	amd64
libpng-dev:amd64	1.6.43-5ubuntu0.6	amd64
libpng16-16t64:amd64	1.6.43-5ubuntu0.6	amd64
libproc2-0:amd64	2:4.0.4-4ubuntu3.2	amd64
libpthread-stubs0-dev:amd64	0.4-1build3	amd64
libpython3-stdlib:amd64	3.12.3-0ubuntu2.1	amd64
libpython3.12-minimal:amd64	3.12.3-1ubuntu0.16	amd64
libpython3.12-stdlib:amd64	3.12.3-1ubuntu0.16	amd64
libquadmath0:amd64	14.2.0-4ubuntu2~24.04.1	amd64
libreadline8t64:amd64	8.2-4build1	amd64
libseccomp2:amd64	2.5.5-1ubuntu3.1	amd64
libselinux1:amd64	3.5-2ubuntu2.1	amd64
libsemanage-common	3.5-1build5	all
libsemanage2:amd64	3.5-1build5	amd64
libsensors-config	1:3.6.0-9build1	all
libsensors5:amd64	1:3.6.0-9build1	amd64
libsepol2:amd64	3.5-2build1	amd64
libsframe1:amd64	2.42-4ubuntu2.10	amd64
libsmartcols1:amd64	2.39.3-9ubuntu6.4	amd64
libsqlite3-0:amd64	3.45.1-1ubuntu2.7	amd64
libss2:amd64	1.47.0-2.4~exp1ubuntu4.1	amd64
libssl3t64:amd64	3.0.13-0ubuntu3.7	amd64
libstdc++-13-dev:amd64	13.3.0-6ubuntu2~24.04.1	amd64
libstdc++6:amd64	14.2.0-4ubuntu2~24.04.1	amd64
libsystemd0:amd64	255.4-1ubuntu8.17	amd64
libtasn1-6:amd64	4.19.0-3ubuntu0.24.04.2	amd64
libtinfo6:amd64	6.4+20240113-1ubuntu2	amd64
libtsan2:amd64	14.2.0-4ubuntu2~24.04.1	amd64
libubsan1:amd64	14.2.0-4ubuntu2~24.04.1	amd64
libudev-dev:amd64	255.4-1ubuntu8.17	amd64
libudev1:amd64	255.4-1ubuntu8.17	amd64
libunistring5:amd64	1.1-2build1.1	amd64
libuuid1:amd64	2.39.3-9ubuntu6.4	amd64
libvulkan1:amd64	1.3.275.0-1build1	amd64
libwayland-bin	1.22.0-2.1build1	amd64
libwayland-client0:amd64	1.22.0-2.1build1	amd64
libwayland-cursor0:amd64	1.22.0-2.1build1	amd64
libwayland-dev:amd64	1.22.0-2.1build1	amd64
libwayland-egl1:amd64	1.22.0-2.1build1	amd64
libwayland-server0:amd64	1.22.0-2.1build1	amd64
libx11-6:amd64	2:1.8.7-1build1	amd64
libx11-data	2:1.8.7-1build1	all
libx11-dev:amd64	2:1.8.7-1build1	amd64
libx11-xcb1:amd64	2:1.8.7-1build1	amd64
libxau-dev:amd64	1:1.0.9-1build6	amd64
libxau6:amd64	1:1.0.9-1build6	amd64
libxcb-dri3-0:amd64	1.15-1ubuntu2	amd64
libxcb-dri3-dev:amd64	1.15-1ubuntu2	amd64
libxcb-glx0:amd64	1.15-1ubuntu2	amd64
libxcb-glx0-dev:amd64	1.15-1ubuntu2	amd64
libxcb-present-dev:amd64	1.15-1ubuntu2	amd64
libxcb-present0:amd64	1.15-1ubuntu2	amd64
libxcb-randr0:amd64	1.15-1ubuntu2	amd64
libxcb-randr0-dev:amd64	1.15-1ubuntu2	amd64
libxcb-render0:amd64	1.15-1ubuntu2	amd64
libxcb-render0-dev:amd64	1.15-1ubuntu2	amd64
libxcb-shape0:amd64	1.15-1ubuntu2	amd64
libxcb-shape0-dev:amd64	1.15-1ubuntu2	amd64
libxcb-shm0:amd64	1.15-1ubuntu2	amd64
libxcb-sync-dev:amd64	1.15-1ubuntu2	amd64
libxcb-sync1:amd64	1.15-1ubuntu2	amd64
libxcb-xfixes0:amd64	1.15-1ubuntu2	amd64
libxcb-xfixes0-dev:amd64	1.15-1ubuntu2	amd64
libxcb1:amd64	1.15-1ubuntu2	amd64
libxcb1-dev:amd64	1.15-1ubuntu2	amd64
libxcvt-dev:amd64	0.1.2-1build1	amd64
libxcvt0:amd64	0.1.2-1build1	amd64
libxdmcp-dev:amd64	1:1.1.3-0ubuntu6	amd64
libxdmcp6:amd64	1:1.1.3-0ubuntu6	amd64
libxext6:amd64	2:1.3.4-1build2	amd64
libxfont-dev	1:2.0.6-1+deb13u1build0.24.04.2	amd64
libxfont2:amd64	1:2.0.6-1+deb13u1build0.24.04.2	amd64
libxkbfile-dev:amd64	1:1.1.0-1build4	amd64
libxkbfile1:amd64	1:1.1.0-1build4	amd64
libxml2:amd64	2.9.14+dfsg-1.3ubuntu3.8	amd64
libxshmfence-dev:amd64	1.3-1build5	amd64
libxshmfence1:amd64	1.3-1build5	amd64
libxxf86vm1:amd64	1:1.1.4-1build4	amd64
libxxhash0:amd64	0.8.2-2build1	amd64
libzstd1:amd64	1.5.5+dfsg2-2build1.1	amd64
linux-libc-dev:amd64	6.8.0-139.139	amd64
login	1:4.13+dfsg1-4ubuntu3.2	amd64
logsave	1.47.0-2.4~exp1ubuntu4.1	amd64
lto-disabled-list	47	all
m4	1.4.19-4build1	amd64
make	4.3-4.1build2	amd64
mawk	1.3.4.20240123-1build1	amd64
media-types	10.1.0	all
mesa-common-dev:amd64	25.2.8-0ubuntu0.24.04.2	amd64
mesa-libgallium:amd64	25.2.8-0ubuntu0.24.04.2	amd64
meson	1.3.2-1ubuntu1	all
mount	2.39.3-9ubuntu6.4	amd64
ncurses-base	6.4+20240113-1ubuntu2	all
ncurses-bin	6.4+20240113-1ubuntu2	amd64
netbase	6.4	all
ninja-build	1.11.1-2	amd64
passwd	1:4.13+dfsg1-4ubuntu3.2	amd64
patch	2.7.6-7build3	amd64
patchelf	0.18.0-1.1build1	amd64
perl	5.38.2-3.2ubuntu0.4	amd64
perl-base	5.38.2-3.2ubuntu0.4	amd64
perl-modules-5.38	5.38.2-3.2ubuntu0.4	all
pkg-config:amd64	1.8.1-2build1	amd64
pkgconf:amd64	1.8.1-2build1	amd64
pkgconf-bin	1.8.1-2build1	amd64
procps	2:4.0.4-4ubuntu3.2	amd64
python3	3.12.3-0ubuntu2.1	amd64
python3-minimal	3.12.3-0ubuntu2.1	amd64
python3-pkg-resources	68.1.2-2ubuntu1.2	all
python3-setuptools	68.1.2-2ubuntu1.2	all
python3.12	3.12.3-1ubuntu0.16	amd64
python3.12-minimal	3.12.3-1ubuntu0.16	amd64
readline-common	8.2-4build1	all
rpcsvc-proto	1.4.2-0ubuntu7	amd64
sed	4.9-2build1	amd64
sensible-utils	0.0.22	all
sysvinit-utils	3.08-6ubuntu3	amd64
tar	1.35+dfsg-3build1	amd64
tzdata	2026c-0ubuntu0.24.04.1	all
ubuntu-keyring	2023.11.28.1	all
util-linux	2.39.3-9ubuntu6.4	amd64
x11proto-dev	2023.2-1	all
xorg-sgml-doctools	1:1.11-1.1	all
xtrans-dev	1.4.0-1	all
xutils-dev	1:7.7+6.2	amd64
xz-utils	5.6.1+really5.4.5-1ubuntu0.3	amd64
zlib1g:amd64	1:1.3.dfsg-3.1ubuntu2.2	amd64
zlib1g-dev:amd64	1:1.3.dfsg-3.1ubuntu2.2	amd64
